journal,title,doi,url,github_url,source_file
Cell,The MicrobeAtlas database: Global trends and insights into Earth’s microbial ecosystems,10.1016/j.cell.2026.01.021,https://doi.org/10.1016/j.cell.2026.01.021,Barrnap. https://github.com/tseemann/barrnap.,data/metadata/incremental/2025-12-19_to_2026-03-19/crossref_cell.jsonl
Cell,The MicrobeAtlas database: Global trends and insights into Earth’s microbial ecosystems,10.1016/j.cell.2026.01.021,https://doi.org/10.1016/j.cell.2026.01.021,Clustering.jl. https://github.com/JuliaStats/Clustering.jl.,data/metadata/incremental/2025-12-19_to_2026-03-19/crossref_cell.jsonl
Cell,The MicrobeAtlas database: Global trends and insights into Earth’s microbial ecosystems,10.1016/j.cell.2026.01.021,https://doi.org/10.1016/j.cell.2026.01.021,Distances.jl. https://github.com/JuliaStats/Distances.jl.,data/metadata/incremental/2025-12-19_to_2026-03-19/crossref_cell.jsonl
Cell,The MicrobeAtlas database: Global trends and insights into Earth’s microbial ecosystems,10.1016/j.cell.2026.01.021,https://doi.org/10.1016/j.cell.2026.01.021,HypothesisTests.jl. https://github.com/JuliaStats/HypothesisTests.jl.,data/metadata/incremental/2025-12-19_to_2026-03-19/crossref_cell.jsonl
Cell,The MicrobeAtlas database: Global trends and insights into Earth’s microbial ecosystems,10.1016/j.cell.2026.01.021,https://doi.org/10.1016/j.cell.2026.01.021,NCBI. SRA Toolkit. https://github.com/ncbi/sra-tools.,data/metadata/incremental/2025-12-19_to_2026-03-19/crossref_cell.jsonl
Cell,The MicrobeAtlas database: Global trends and insights into Earth’s microbial ecosystems,10.1016/j.cell.2026.01.021,https://doi.org/10.1016/j.cell.2026.01.021,PyCall.jl. https://github.com/JuliaPy/PyCall.jl.,data/metadata/incremental/2025-12-19_to_2026-03-19/crossref_cell.jsonl
Cell,The MicrobeAtlas database: Global trends and insights into Earth’s microbial ecosystems,10.1016/j.cell.2026.01.021,https://doi.org/10.1016/j.cell.2026.01.021,VegaLite.jl. https://github.com/queryverse/VegaLite.jl.,data/metadata/incremental/2025-12-19_to_2026-03-19/crossref_cell.jsonl
Cell,Modeling human embryo implantation in vitro,10.1016/j.cell.2025.10.027,https://doi.org/10.1016/j.cell.2025.10.027,"Bogart, S. SankeyMATIC. Preprint at GitHub. https://github.com/nowthis/sankeymatic.",data/metadata/incremental/2025-12-19_to_2026-03-19/crossref_cell.jsonl
Cell,A non-catalytic role for RFC in PCNA-mediated processive DNA synthesis,10.1016/j.cell.2025.12.029,https://doi.org/10.1016/j.cell.2025.12.029,"Watters, J.W. (2024). C-Trap.h5 File Visualization GUI. GitHub. https://github.com/lumicks/harbor/tree/main/Visualization/C-Trap%20.h5%20File%20Visualization%20GUI.s",data/metadata/incremental/2025-12-19_to_2026-03-19/crossref_cell.jsonl
Cell,Extracellular matrix sensing regulates intratumoral heterogeneity of autophagic flux,10.1016/j.cell.2025.12.053,https://doi.org/10.1016/j.cell.2025.12.053,"Tickle, T., Tirosh, I., Georgescu, C., Brown, M., and Haas, B. (2019). inferCNV of the Trinity CTAT Project. Bioconductor. https://github.com/broadinstitute/inferCNV.",data/metadata/incremental/2025-12-19_to_2026-03-19/crossref_cell.jsonl
Cell,Planetary microbiome structure and generalist-driven gene flow across disparate habitats,10.1016/j.cell.2025.12.051,https://doi.org/10.1016/j.cell.2025.12.051,"Oksanen, J., Simpson, G.L., Blanchet, F.G., Kindt, R., Legendre, P., Minchin, P.R., O'Hara, R.B., Solymos, P., Stevens, M.H.H., Szoecs, E., et al. (2025). vegan: an R package for community ecologists. GitHub. https://github.com/vegandevs/vegan.",data/metadata/incremental/2025-12-19_to_2026-03-19/crossref_cell.jsonl
Cell,Planetary microbiome structure and generalist-driven gene flow across disparate habitats,10.1016/j.cell.2025.12.051,https://doi.org/10.1016/j.cell.2025.12.051,"Parks, D.H. (2022). PhyloRank. GitHub. https://github.com/donovan-h-parks/PhyloRank.",data/metadata/incremental/2025-12-19_to_2026-03-19/crossref_cell.jsonl
Cell,Planetary microbiome structure and generalist-driven gene flow across disparate habitats,10.1016/j.cell.2025.12.051,https://doi.org/10.1016/j.cell.2025.12.051,"Seemann, T. (2020). ABRicate. GitHub. https://github.com/tseemann/abricate.",data/metadata/incremental/2025-12-19_to_2026-03-19/crossref_cell.jsonl
Cell,Evolutionary transcriptomics unveils rapid changes of gene expression patterns in flowering plants,10.1016/j.cell.2025.12.015,https://doi.org/10.1016/j.cell.2025.12.015,"Bengtsson, H. (2017). matrixStats: Functions that Apply to Rows and Columns of Matrices (and to Vectors). R package version 0.52.2. https://github.com/HenrikBengtsson/matrixStats.",data/metadata/incremental/2025-12-19_to_2026-03-19/crossref_cell.jsonl
Cell Reports,Integrating natural and engineered genetic variations to decode regulatory influence on blood traits,10.1016/j.celrep.2026.116937,https://doi.org/10.1016/j.celrep.2026.116937,"Lareau, C. ATAC data. https://github.com/caleblareau/singlecell_bloodtraits/tree/master/data/bulk/ATAC.",data/metadata/incremental/2025-12-19_to_2026-03-19/crossref_cell.jsonl
Cell Reports,Integrating natural and engineered genetic variations to decode regulatory influence on blood traits,10.1016/j.celrep.2026.116937,https://doi.org/10.1016/j.celrep.2026.116937,MPRAmodel https://github.com/tewhey-lab/MPRASuite/blob/main/MPRAmodel/MPRAmodel.R#L31.,data/metadata/incremental/2025-12-19_to_2026-03-19/crossref_cell.jsonl
Cell Reports,Integrating natural and engineered genetic variations to decode regulatory influence on blood traits,10.1016/j.celrep.2026.116937,https://doi.org/10.1016/j.celrep.2026.116937,Peer https://github.com/PMBio/peer.,data/metadata/incremental/2025-12-19_to_2026-03-19/crossref_cell.jsonl
Cell Reports,Integrating natural and engineered genetic variations to decode regulatory influence on blood traits,10.1016/j.celrep.2026.116937,https://doi.org/10.1016/j.celrep.2026.116937,meta-analysis code https://github.com/julirsch/finemapped_mpra/blob/main/code/preprocess/mpra_meta.R.,data/metadata/incremental/2025-12-19_to_2026-03-19/crossref_cell.jsonl
Cell Reports,Integrating natural and engineered genetic variations to decode regulatory influence on blood traits,10.1016/j.celrep.2026.116937,https://doi.org/10.1016/j.celrep.2026.116937,rgenie https://github.com/Jeremy37/rgenie.,data/metadata/incremental/2025-12-19_to_2026-03-19/crossref_cell.jsonl
Cell Reports,Integrating natural and engineered genetic variations to decode regulatory influence on blood traits,10.1016/j.celrep.2026.116937,https://doi.org/10.1016/j.celrep.2026.116937,samclip https://github.com/tseemann/samclip.,data/metadata/incremental/2025-12-19_to_2026-03-19/crossref_cell.jsonl
Cell Genomics,A genome-scale single-cell CRISPRi map of trans gene regulation across human pluripotent stem cell lines,10.1016/j.xgen.2025.101076,https://doi.org/10.1016/j.xgen.2025.101076,Analyzing data from two large-scale CRISRPi screens in iPSCs with single-cell RNA-seq read-out (Github; https://github.com/claudiafeng123/crispri_scrnaseq_hipsci).,data/metadata/incremental/2025-12-19_to_2026-03-19/crossref_cell.jsonl
Cell Reports,Distances and charges along the Orai1 nexus-TM3 interface control STIM1 binding and pore opening,10.1016/j.celrep.2026.116940,https://doi.org/10.1016/j.celrep.2026.116940,GitHub Inc. (2025). PROPKA 3.0. https://github.com/jensengroup/propka.,data/metadata/incremental/2025-12-19_to_2026-03-19/crossref_cell.jsonl
Cell Reports,Ploidy and neuron size impact nervous system development and function in Xenopus,10.1016/j.celrep.2026.116969,https://doi.org/10.1016/j.celrep.2026.116969,"Andrews, S. (2010). FastQC: a quality control tool for high throughput sequence data. https://github.com/s-andrews/FastQC.",data/metadata/incremental/2025-12-19_to_2026-03-19/crossref_cell.jsonl
Cancer Cell,A context-augmented large language model for accurate precision oncology medicine recommendations,10.1016/j.ccell.2025.12.017,https://doi.org/10.1016/j.ccell.2025.12.017,Moalmanac-db (Github). github.com/vanallenlab/moalmanac-db/releases/tag/v.2025-10-03.,data/metadata/incremental/2025-12-19_to_2026-03-19/crossref_cell.jsonl
Molecular Cell,Delineating the copy-number substructure of metastatic tumors with CopyKit,10.1016/j.molcel.2025.12.026,https://doi.org/10.1016/j.molcel.2025.12.026,"Morgan, M., Wang, J., Obenchain, V., Lang, M., Thompson, R., and Turaga, N. (2021). BiocParallel: Bioconductor facilities for parallel evaluation. R package version 1.40.1. https://github.com/Bioconductor/BiocParallel.",data/metadata/incremental/2025-12-19_to_2026-03-19/crossref_cell.jsonl
Cell Reports,Human superior colliculus pathways represent the form and motion of looming objects,10.1016/j.celrep.2026.117033,https://doi.org/10.1016/j.celrep.2026.117033,"Frey, M., Nau, M., and Gau, R. (2024). DeepMREye. Version 0.2 https://github.com/ANTsX/ANTsPy.",data/metadata/incremental/2025-12-19_to_2026-03-19/crossref_cell.jsonl
Cell Reports,Stress resilience is associated with transcriptional remodeling in the VTA,10.1016/j.celrep.2025.116867,https://doi.org/10.1016/j.celrep.2025.116867,"Love, M., Ahlmann-Eltze, C., Forbes, K., and Anders, S. 2025 DESeq2: Differential gene expression analysis based on the negative binomial distribution. https://github.com/thelovelab/DESeq2 Version: Release.",data/metadata/incremental/2025-12-19_to_2026-03-19/crossref_cell.jsonl
Cell Systems,Haplotype-resolved reconstruction and functional interrogation of cancer karyotypes,10.1016/j.cels.2025.101477,https://doi.org/10.1016/j.cels.2025.101477,"Bansal, V. (2017). Hapcut2. GitHub. https://github.com/vibansal/HapCUT2.",data/metadata/incremental/2025-12-19_to_2026-03-19/crossref_cell.jsonl
Cell Systems,Haplotype-resolved reconstruction and functional interrogation of cancer karyotypes,10.1016/j.cels.2025.101477,https://doi.org/10.1016/j.cels.2025.101477,"Edge, P., and Bansal, V. (2019). Integratedphasing. GitHub. https://github.com/vibansal/IntegratedPhasing.",data/metadata/incremental/2025-12-19_to_2026-03-19/crossref_cell.jsonl
Cell Systems,Haplotype-resolved reconstruction and functional interrogation of cancer karyotypes,10.1016/j.cels.2025.101477,https://doi.org/10.1016/j.cels.2025.101477,"Li, H. (2009). Bwa. GitHub. https://github.com/lh3/bwa.",data/metadata/incremental/2025-12-19_to_2026-03-19/crossref_cell.jsonl
Cell Systems,Haplotype-resolved reconstruction and functional interrogation of cancer karyotypes,10.1016/j.cels.2025.101477,https://doi.org/10.1016/j.cels.2025.101477,"Tourdot, R.W., and Zhang, C.Z. (2019). mlinker. GitHub. https://github.com/chengzhongzhangDFCI/GenomeBiology-mLinker.",data/metadata/incremental/2025-12-19_to_2026-03-19/crossref_cell.jsonl
Cell Reports,Similar destabilization of neural dynamics under different general anesthetics,10.1016/j.celrep.2026.117048,https://doi.org/10.1016/j.celrep.2026.117048,"Goswami, B. (2025). IAAFT Implementation. GitHub. https://github.com/mlcs/iaaft.",data/metadata/incremental/2025-12-19_to_2026-03-19/crossref_cell.jsonl
Cell Reports,In situ multi-modal characterization of pancreatic cancer reveals tumor cell identity as a defining factor of the surrounding microenvironment,10.1016/j.celrep.2025.116827,https://doi.org/10.1016/j.celrep.2025.116827,"Mason, M.F., J (2025) icWGCNA: Iterative Correcting Weighted Gene Co-expression Network Analysis. https://github.com/Systems-Methods/icWGCNA",data/metadata/incremental/2025-12-19_to_2026-03-19/crossref_cell.jsonl
Cell Genomics,A high-resolution atlas of the brain predicts lineage and birth order underlying neuronal identity,10.1016/j.xgen.2025.101103,https://doi.org/10.1016/j.xgen.2025.101103,"Soneson, C., and Srivastava, A. alevinQC: Generate QC Reports For Alevin Output (R package version 1.6.1). 2021. https://github.com/csoneson/alevinQC.",data/metadata/incremental/2025-12-19_to_2026-03-19/crossref_cell.jsonl
Cell Reports,Functionally distinct ALK and ROS1 fusions detected in infant-type hemispheric gliomas converge on STAT3 and SHP2 activation,10.1016/j.celrep.2026.117046,https://doi.org/10.1016/j.celrep.2026.117046,"Kassambara, A. (2020). ggpubr: “ggplot2” Based Publication Ready Plots. https://github.com/kassambara/ggpubr.",data/metadata/incremental/2025-12-19_to_2026-03-19/crossref_cell.jsonl
Cell Reports,Functionally distinct ALK and ROS1 fusions detected in infant-type hemispheric gliomas converge on STAT3 and SHP2 activation,10.1016/j.celrep.2026.117046,https://doi.org/10.1016/j.celrep.2026.117046,"Kassambara, A. (2023). rstatix: Pipe-Friendly Framework for Basic Statistical Tests. https://github.com/kassambara/rstatix.",data/metadata/incremental/2025-12-19_to_2026-03-19/crossref_cell.jsonl
Cell Reports,Spatiotemporal coordination of Slit-Robo repulsion and neurturin-Gfrα attraction guides multipolar migration during retinal lamination,10.1016/j.celrep.2026.116948,https://doi.org/10.1016/j.celrep.2026.116948,"Slowikowski, K. (2024). ggrepel: Automatically Position Non-Overlapping Text Labels with “ggplot2” https://github.com/slowkow/ggrepel.",data/metadata/incremental/2025-12-19_to_2026-03-19/crossref_cell.jsonl
Cell Reports,Telomere-to-telomere assembly detects genomic diversity in Canadian strains of Borrelia burgdorferi,10.1016/j.celrep.2026.116935,https://doi.org/10.1016/j.celrep.2026.116935,"Kzra EK (2018) Simple-Circularise. Github repository, https://github.com/Kzra/Simple-Circularise",data/metadata/incremental/2025-12-19_to_2026-03-19/crossref_cell.jsonl
Cell Press Blue,Rhinovirus triggers distinct host responses through differential engagement of epithelial innate immune signaling,10.1016/j.cpblue.2025.100001,https://doi.org/10.1016/j.cpblue.2025.100001,"Krueger, F. (2021). Trimgalore (GitHub repository). https://github.com/FelixKrueger/TrimGalore.",data/metadata/incremental/2025-12-19_to_2026-03-19/crossref_cell.jsonl
Microbial Cell Factories,Kinetic sampling shows the effect of medium composition on metabolic control in Saccharomyces cerevisiae,10.1186/s12934-025-02884-w,https://doi.org/10.1186/s12934-025-02884-w,"<jats:title>Abstract</jats:title>
                  <jats:p>
                    Metabolic control analysis is used to understand regulation of metabolism and identify bottlenecks to be overcome in metabolic engineering for desired products. Its application has been hampered by the need for either parameterized models or carefully titrated experiments. In this study, we use thermodynamically feasible, sampled parameters to overcome this limitation. We use metabolic control analysis to explore central carbon metabolism of
                    <jats:italic>Saccharomyces cerevisiae</jats:italic>
                    growing in continuous culture under different nutrient limitations. Furthermore, we demonstrate shifts in flux control patterns in response to the different growth conditions and show how our results for specific reactions agree with the literature. Key advantages of the proposed framework include the incorporation of allosteric effectors, the use of omics data from a single steady-state time point and the computational efficiency; in all cases, 100 feasible models were sampled in less than 20 min on a laptop. The model and framework are freely available for researchers to use on their own data:
                    <jats:ext-link xmlns:xlink=""http://www.w3.org/1999/xlink"" xlink:href=""https://github.com/biosustain/GRASP.git"" ext-link-type=""uri"">https://github.com/biosustain/GRASP.git</jats:ext-link>
                    .
                  </jats:p>",data/metadata/incremental/2025-12-19_to_2026-03-19/crossref_cell.jsonl
Cell Reports Methods,Convpaint—Interactive pixel classification using pretrained neural networks,10.1016/j.crmeth.2026.101335,https://doi.org/10.1016/j.crmeth.2026.101335,"Melnikov, E., Best, B., and Kutra, D. . ilastik-napari. https://github.com/ilastik/ilastik-napari. . Accessed: 2024-12-15.",data/metadata/incremental/2025-12-19_to_2026-03-19/crossref_cell.jsonl
Cell Reports Methods,Convpaint—Interactive pixel classification using pretrained neural networks,10.1016/j.crmeth.2026.101335,https://doi.org/10.1016/j.crmeth.2026.101335,"Schwob, R. . Scribbles creator. https://github.com/quasar1357/scribbles_creator. . Accessed: 2024-12-15.",data/metadata/incremental/2025-12-19_to_2026-03-19/crossref_cell.jsonl
Cell Reports Methods,Convpaint—Interactive pixel classification using pretrained neural networks,10.1016/j.crmeth.2026.101335,https://doi.org/10.1016/j.crmeth.2026.101335,"Seifi, M., Deschamps, J., and Galinova, V. . Feature forest. https://github.com/ilastik/ilastik-napari. . Accessed: 2024-12-15.",data/metadata/incremental/2025-12-19_to_2026-03-19/crossref_cell.jsonl
Cell Reports Methods,Convpaint—Interactive pixel classification using pretrained neural networks,10.1016/j.crmeth.2026.101335,https://doi.org/10.1016/j.crmeth.2026.101335,"Witz, G., Schwob, R., Hinderling, L., StojiljkoviÄ‡ , A., Vladymyrov, M., and Sobolewski, P. . Convpaint github. www.github.com/guiwitz/napari-convpaint. . Accessed: 2024-12-15.",data/metadata/incremental/2025-12-19_to_2026-03-19/crossref_cell.jsonl
Nature,Multimodal learning with next-token prediction for large multimodal models,10.1038/s41586-025-10041-x,https://doi.org/10.1038/s41586-025-10041-x,"Contributors, F. FlagScale: a unified meta-framework enabling adaptive heterogeneous computing for the llm ecosystem. GitHub https://github.com/FlagOpen/FlagScale (2024).",data/metadata/incremental/2025-12-19_to_2026-03-19/crossref_nature.jsonl
Nature,Capturing dynamic phage–pathogen coevolution by clinical surveillance,10.1038/s41586-026-10136-z,https://doi.org/10.1038/s41586-026-10136-z,"Seemann, T. Snippy: rapid haploid variant calling and core SNP phylogeny. GitHub https://github.com/tseemann/snippy (2015).",data/metadata/incremental/2025-12-19_to_2026-03-19/crossref_nature.jsonl
Nature,An agentic system for rare disease diagnosis with traceable reasoning,10.1038/s41586-025-10097-9,https://doi.org/10.1038/s41586-025-10097-9,"Zhao Z. et al. RareArena: a comprehensive rare disease diagnostic dataset with nearly 50,000 patients covering more than 4000 diseases. GitHub https://github.com/zhao-zy15/RareArena (2025).",data/metadata/incremental/2025-12-19_to_2026-03-19/crossref_nature.jsonl
Nature,Insulin resistance prediction from wearables and routine blood biomarkers,10.1038/s41586-026-10179-2,https://doi.org/10.1038/s41586-026-10179-2,Google DeepMind. OneTwo. GitHub https://github.com/google-deepmind/onetwo (2024).,data/metadata/incremental/2025-12-19_to_2026-03-19/crossref_nature.jsonl
Nature,A Cambrian soft-bodied biota after the first Phanerozoic mass extinction,10.1038/s41586-025-10030-0,https://doi.org/10.1038/s41586-025-10030-0,"Kocsis, Á. T., Alroy, J., Reddin, C. J. & Kiessling, W. Phanerozoic-scale global marine biodiversity analysis with the R package divDyn v0.8. GitHub https://github.com/divDyn/ddPhanero/blob/master/doc/dd_phanero.pdf (2019).",data/metadata/incremental/2025-12-19_to_2026-03-19/crossref_nature.jsonl
Nature,Polyamine-dependent metabolic shielding regulates alternative splicing,10.1038/s41586-025-09965-1,https://doi.org/10.1038/s41586-025-09965-1,"Mendizabal, I. & Ponce Rodríguez, M. Script repository: polyamine-dependent metabolic shielding regulates alternative splicing (https://github.com/imendizabalCIC/Polyamine_AlternativeSplicing). Zenodo https://doi.org/10.5281/zenodo.17020551 (2025).",data/metadata/incremental/2025-12-19_to_2026-03-19/crossref_nature.jsonl
Nature,Transferable enantioselectivity models from sparse data,10.1038/s41586-026-10239-7,https://doi.org/10.1038/s41586-026-10239-7,xtb-gaussian. GitHub https://github.com/aspuru-guzik-group/xtb-gaussian (2020).,data/metadata/incremental/2025-12-19_to_2026-03-19/crossref_nature.jsonl
Nature,Accurate predictions of disordered protein ensembles with STARLING,10.1038/s41586-026-10141-2,https://doi.org/10.1038/s41586-026-10141-2,"Steinegger, M. et al. MMseqs2: ultra fast and sensitive search and clustering suite. GitHub https://github.com/soedinglab/MMseqs2 (2025).",data/metadata/incremental/2025-12-19_to_2026-03-19/crossref_nature.jsonl
Nature,Chemical capture of diazo metabolites reveals biosynthetic hydrazone oxidation,10.1038/s41586-025-10079-x,https://doi.org/10.1038/s41586-025-10079-x,"Kenney, G. E. prettyClusters: exploring and classifying genomic neighborhoods using IMG-like data. GitHub https://github.com/g-e-kenney/prettyClusters (2023).",data/metadata/incremental/2025-12-19_to_2026-03-19/crossref_nature.jsonl
Nature,Little red dots as young supermassive black holes in dense ionized cocoons,10.1038/s41586-025-09900-4,https://doi.org/10.1038/s41586-025-09900-4,"Brammer, G. grizli. GitHub. github.com/gbrammer/grizli (2023).",data/metadata/incremental/2025-12-19_to_2026-03-19/crossref_nature.jsonl
Nature,"Local agricultural transition, crisis and migration in the Southern Andes",10.1038/s41586-026-10233-z,https://doi.org/10.1038/s41586-026-10233-z,"pontussk/popstats https://github.com/pontussk/popstats (GitHub, 2025).",data/metadata/incremental/2025-12-19_to_2026-03-19/crossref_nature.jsonl
Nature,Functional dissection of complex trait variants at single-nucleotide resolution,10.1038/s41586-026-10121-6,https://doi.org/10.1038/s41586-026-10121-6,"DiMatteo, J. et al. Motif Liquidator Matrix. GitHub https://github.com/BradnerLab/pipeline/tree/motif_liquidator_matrix (2017).",data/metadata/incremental/2025-12-19_to_2026-03-19/crossref_nature.jsonl
Nature,Holistic motor control of zebra finch song syllable sequences,10.1038/s41586-025-10069-z,https://doi.org/10.1038/s41586-025-10069-z,"Zuo, J. Recurrent model of Songbird HVC. GitHub https://github.com/Zack-zuo/SongbirdHVC# (2025).",data/metadata/incremental/2025-12-19_to_2026-03-19/crossref_nature.jsonl
Nature,Gene conversion empowers natural selection in a clonal fish species,10.1038/s41586-026-10180-9,https://doi.org/10.1038/s41586-026-10180-9,Dfam Consortium. TETools: Dfam transposable element tools docker container. Github https://github.com/Dfam-consortium/TETools (2022).,data/metadata/incremental/2025-12-19_to_2026-03-19/crossref_nature.jsonl
Nature,Gene conversion empowers natural selection in a clonal fish species,10.1038/s41586-026-10180-9,https://doi.org/10.1038/s41586-026-10180-9,"Rice, E. S. Trio_binning: programs implementing the trio-binning genome assembly method. Github https://github.com/esrice/trio_binning (2022).",data/metadata/incremental/2025-12-19_to_2026-03-19/crossref_nature.jsonl
Nature,Gene conversion empowers natural selection in a clonal fish species,10.1038/s41586-026-10180-9,https://doi.org/10.1038/s41586-026-10180-9,"Rice, E. S. hic-scaffolding-nf: nextflow pipeline for scaffolding genome assemblies with Hi-C reads. Github https://github.com/WarrenLab/hic-scaffolding-nf (2022).",data/metadata/incremental/2025-12-19_to_2026-03-19/crossref_nature.jsonl
Nature,Observing the tidal pulse of rivers from wide-swath satellite altimetry,10.1038/s41586-026-10287-z,https://doi.org/10.1038/s41586-026-10287-z,"Bowman, W. UTide: Python version of UTide unified tidal analysis and prediction functions. GitHub https://github.com/wesleybowman/UTide (2018).",data/metadata/incremental/2025-12-19_to_2026-03-19/crossref_nature.jsonl
Nature,Giant magnetocaloric effect and spin supersolid in a metallic dipolar magnet,10.1038/s41586-026-10144-z,https://doi.org/10.1038/s41586-026-10144-z,"Xu, L., Shi, X., Jiao, Y., Yang, J. & Wang, Z. SpinToolkit v.1.4.2. GitHub https://github.com/spintoolkit-dev/SpinToolkit_py (2026).",data/metadata/incremental/2025-12-19_to_2026-03-19/crossref_nature.jsonl
Nature,A cavity-array microscope for parallel single-atom interfacing,10.1038/s41586-025-10035-9,https://doi.org/10.1038/s41586-025-10035-9,"Palm, L. sloppy. GitHub https://github.com/lksplm/sloppy/ (2025).",data/metadata/incremental/2025-12-19_to_2026-03-19/crossref_nature.jsonl
Nature Communications,Quantitative mapping of pseudouridines in bacterial RNA,10.1038/s41467-026-70073-3,https://doi.org/10.1038/s41467-026-70073-3,"Sridhar, S. brc-parser. GitHub. https://github.com/sridhar0605/brc-parser (2024).",data/metadata/incremental/2025-12-19_to_2026-03-19/crossref_nature.jsonl
Nature Plants,Root-knot nematode Meloidogyne incognita uses secondary-metabolite-mediated soil microbiome shifts to locate host plants,10.1038/s41477-025-02205-4,https://doi.org/10.1038/s41477-025-02205-4,Andrew S. et al. A quality control analysis tool for high throughput sequencing data. GitHub https://github.com/s-andrews/FastQC (2018).,data/metadata/incremental/2025-12-19_to_2026-03-19/crossref_nature.jsonl
Nature Photonics,Experimental memory control in continuous-variable optical quantum reservoir computing,10.1038/s41566-026-01880-9,https://doi.org/10.1038/s41566-026-01880-9,"Paparelle, I. et al. EQ15T/optical_qrc. GitHub https://github.com/EQ15T/optical_qrc (2025).",data/metadata/incremental/2025-12-19_to_2026-03-19/crossref_nature.jsonl
Nature Communications,Reaching elimination of onchocerciasis transmission with long-term vector control and ivermectin treatment in Togo,10.1038/s41467-025-67451-8,https://doi.org/10.1038/s41467-025-67451-8,"EPIONCHO-IBM. An individual-based, stochastic model of the Onchocerca volvulustransmission system. https://github.com/mrc-ide/EPIONCHO.IBM (2025).",data/metadata/incremental/2025-12-19_to_2026-03-19/crossref_nature.jsonl
Nature Communications,HIV-seq reveals gene expression differences between HIV-transcribing cells from viremic and suppressed people with HIV,10.1038/s41467-026-68797-3,https://doi.org/10.1038/s41467-026-68797-3,Blighe K. kevinblighe/EnhancedVolcano [Internet]. 2024 [cited 2024 Sep 20]. Available from: https://github.com/kevinblighe/EnhancedVolcano.,data/metadata/incremental/2025-12-19_to_2026-03-19/crossref_nature.jsonl
Nature Microbiology,Spatial transcriptomics maps host–gut microbiome biogeography at high resolution,10.1038/s41564-026-02286-7,https://doi.org/10.1038/s41564-026-02286-7,ST_BarcodeMap. GitHub http://github.com/STOmics/ST_BarcodeMap (2026).,data/metadata/incremental/2025-12-19_to_2026-03-19/crossref_nature.jsonl
Nature Microbiology,Spatial transcriptomics maps host–gut microbiome biogeography at high resolution,10.1038/s41564-026-02286-7,https://doi.org/10.1038/s41564-026-02286-7,slide–snake. GitHub https://github.com/mckellardw/slide_snake (2026).,data/metadata/incremental/2025-12-19_to_2026-03-19/crossref_nature.jsonl
Nature Communications,Light-induced assembly and repeatable actuation in Ca2+-driven chemomechanical protein networks,10.1038/s41467-026-69651-2,https://doi.org/10.1038/s41467-026-69651-2,"Tian, J. & other contributors. ReinforcementLearning.jl: A reinforcement learning package for the Julia programming language. GitHub https://github.com/JuliaReinforcementLearning/ReinforcementLearning.jl (2020).",data/metadata/incremental/2025-12-19_to_2026-03-19/crossref_nature.jsonl
Nature Communications,Evolving epigenomics of immune cells at single-nucleus resolution in children en route to type 1 diabetes,10.1038/s41467-026-69923-x,https://doi.org/10.1038/s41467-026-69923-x,"Zhang, F. & Kang, H. M. popscle: A suite of population scale analysis tools for single-cell genomics data (demuxlet), https://github.com/statgen/popscle (2020).",data/metadata/incremental/2025-12-19_to_2026-03-19/crossref_nature.jsonl
Nature Communications,Identification and structural characterization of anthrax toxin receptor 2 as the Clostridium perfringens NetF receptor,10.1038/s41467-026-69526-6,https://doi.org/10.1038/s41467-026-69526-6,"joelmeyerson. hole-cmm, https://github.com/joelmeyerson/hole-cmm (2025).",data/metadata/incremental/2025-12-19_to_2026-03-19/crossref_nature.jsonl
Nature Communications,Celcomen: spatial causal disentanglement for single-cell and tissue perturbation modeling,10.1038/s41467-026-69856-5,https://doi.org/10.1038/s41467-026-69856-5,"Chen, D. G. & Megas, S. github.com/stathismegas/celcomen_reproducibility: v1.0.0. (2025).",data/metadata/incremental/2025-12-19_to_2026-03-19/crossref_nature.jsonl
Nature Communications,Celcomen: spatial causal disentanglement for single-cell and tissue perturbation modeling,10.1038/s41467-026-69856-5,https://doi.org/10.1038/s41467-026-69856-5,"Megas, S., Asadollahzadeh, H. & Polanski, K. github.com/Teichlab/celcomen: v1.0.0. (2025).",data/metadata/incremental/2025-12-19_to_2026-03-19/crossref_nature.jsonl
Nature Communications,Acute exercise rewires the proteomic landscape of human immune cells,10.1038/s41467-025-68101-9,https://doi.org/10.1038/s41467-025-68101-9,"Hadley Wickham, D. V., & Maximilian G. tidyr: Tidy Messy Data. R package version 1.3.1 https://github.com/tidyverse/tidyr, (2024).",data/metadata/incremental/2025-12-19_to_2026-03-19/crossref_nature.jsonl
Nature Communications,Acute exercise rewires the proteomic landscape of human immune cells,10.1038/s41467-025-68101-9,https://doi.org/10.1038/s41467-025-68101-9,"Hadley Wickham, R. F., Lionel Henry, K. M., & Davis V. dplyr: A Grammar of Data Manipulation. R package version 1.1.4 https://github.com/tidyverse/dplyr, (2023).",data/metadata/incremental/2025-12-19_to_2026-03-19/crossref_nature.jsonl
Nature Medicine,Contaminating plasmid sequences and disrupted vector genomes in the liver following adeno-associated virus gene therapy,10.1038/s41591-025-04073-z,https://doi.org/10.1038/s41591-025-04073-z,"Andrews, S. Redotable. GitHub https://github.com/s-andrews/redotable (2022).",data/metadata/incremental/2025-12-19_to_2026-03-19/crossref_nature.jsonl
Nature Medicine,Contaminating plasmid sequences and disrupted vector genomes in the liver following adeno-associated virus gene therapy,10.1038/s41591-025-04073-z,https://doi.org/10.1038/s41591-025-04073-z,"Wick, R. Porechop. GitHub https://github.com/rrwick/Porechop (2023).",data/metadata/incremental/2025-12-19_to_2026-03-19/crossref_nature.jsonl
Nature Communications,Learning data-efficient coarse-grained molecular dynamics from forces and noise,10.1038/s41467-026-70818-0,https://doi.org/10.1038/s41467-026-70818-0,"Bradbury, J. et al. JAX: Composable Transformations of Python+NumPy Programs https://github.com/jax-ml/jax (2018).",data/metadata/incremental/2025-12-19_to_2026-03-19/crossref_nature.jsonl
Nature Communications,Systems acclimation to osmotic stress in zygnematophyte cells,10.1038/s41467-026-68329-z,https://doi.org/10.1038/s41467-026-68329-z,"Haas, F. B. Transdecoder, https://github.com/TransDecoder/TransDecoder/releases (2018).",data/metadata/incremental/2025-12-19_to_2026-03-19/crossref_nature.jsonl
Nature Communications,Automatic optimization of flat-field corrections by evaluation and enhancement (EVEN) in multimodal optical microscopy,10.1038/s41467-025-68150-0,https://doi.org/10.1038/s41467-025-68150-0,"Schaub, N. et al. Mirkazemi M. BaSiCPy, https://github.com/peng-lab/BaSiCPy?tab=readme-ov-file. (2022).",data/metadata/incremental/2025-12-19_to_2026-03-19/crossref_nature.jsonl
Nature Communications,Branched-chain amino acid specialization drove diversification within Calditenuaceae (Caldarchaeia) and enables their cultivation,10.1038/s41467-026-68859-6,https://doi.org/10.1038/s41467-026-68859-6,Seemann T. barrnap 0.9: rapid ribosomal RNA prediction. Available online at https://github.com/tseemann/barrnap (2013).,data/metadata/incremental/2025-12-19_to_2026-03-19/crossref_nature.jsonl
Nature Communications,Unravelling the Ru-promoted dynamic evolution of Cobalt hydroxide during nitrate reduction towards ammonia production,10.1038/s41467-026-70531-y,https://doi.org/10.1038/s41467-026-70531-y,"vasp_raman.py. (https://github.com/raman-sc/VASP/, 2013).",data/metadata/incremental/2025-12-19_to_2026-03-19/crossref_nature.jsonl
Science,Asynchronous subunit transitions prime acetylcholine receptor activation,10.1126/science.adw1264,https://doi.org/10.1126/science.adw1264,M. van der Loo extremevalues GitHub (2025); https://github.com/markvanderloo/extremevalues.,data/metadata/incremental/2025-12-19_to_2026-03-19/crossref_science.jsonl
Science,Climate change will increase forest disturbances in Europe throughout the 21st century,10.1126/science.adx6329,https://doi.org/10.1126/science.adx6329,F. Chollet “keras” (GitHub 2015); https://github.com/fchollet/keras.,data/metadata/incremental/2025-12-19_to_2026-03-19/crossref_science.jsonl
Science,Genomic approaches to accelerate American chestnut restoration,10.1126/science.adw3225,https://doi.org/10.1126/science.adw3225,J. T. Lovell qtlTools: Data processing and plotting in association with R/qtl GitHub (2020); https://github.com/jtlovell/qtlTools.,data/metadata/incremental/2025-12-19_to_2026-03-19/crossref_science.jsonl
Science,Characterizing transport in a quantum gas by measuring Drude weights,10.1126/science.ads8327,https://doi.org/10.1126/science.ads8327,F. Møller iFluid: A MATLAB library for Thermodynamic Bethe Ansatz and Generalized Hydrodynamics Github (2024); https://github.com/integrableFluid/iFluidMatlab.,data/metadata/incremental/2025-12-19_to_2026-03-19/crossref_science.jsonl
Science,Characterizing transport in a quantum gas by measuring Drude weights,10.1126/science.ads8327,https://doi.org/10.1126/science.ads8327,M. Raissi Physics Informed Neural Networks Github (2018); https://github.com/maziarraissi/PINNs.,data/metadata/incremental/2025-12-19_to_2026-03-19/crossref_science.jsonl
Science,Synergy between regulatory elements can render cohesin dispensable for distal enhancer function,10.1126/science.adt4221,https://doi.org/10.1126/science.adt4221,R. Kolde raivokolde/pheatmap (2025); https://github.com/raivokolde/pheatmap.,data/metadata/incremental/2025-12-19_to_2026-03-19/crossref_science.jsonl
Science,A deep-time landscape of plant cis-regulatory sequence evolution,10.1126/science.adt8983,https://doi.org/10.1126/science.adt8983,Picard: A set of command line tools (in Java) for manipulating high-throughput sequencing (HTS) data and formats such as SAM/BAM/CRAM and VCF (Broad Institute 2025); https://github.com/broadinstitute/picard.,data/metadata/incremental/2025-12-19_to_2026-03-19/crossref_science.jsonl
Science,A small polymerase ribozyme that can synthesize itself and its complementary strand,10.1126/science.adt2760,https://doi.org/10.1126/science.adt2760,B. Bushnell BBtools; https://github.com/bbushnell/BBTools.,data/metadata/incremental/2025-12-19_to_2026-03-19/crossref_science.jsonl
Science,Did the illicit fentanyl trade experience a supply shock?,10.1126/science.aea6130,https://doi.org/10.1126/science.aea6130,K. Vangelov Data and code for “Did the illicit fentanyl trade experience a supply shock?” (2025); https://github.com/brycepardo/Fentanyl.,data/metadata/incremental/2025-12-19_to_2026-03-19/crossref_science.jsonl
Science,Evolutionary adaptation to global change reduces sustainable fisheries yields,10.1126/science.aea1341,https://doi.org/10.1126/science.aea1341,accessed from R via rgbif (https://github.com/ropensci/rgbif) on 7 September 2024.10.15468/dl.swnrpt,data/metadata/incremental/2025-12-19_to_2026-03-19/crossref_science.jsonl
Science,Who is using AI to code? Global diffusion and impact of generative AI,10.1126/science.adz9311,https://doi.org/10.1126/science.adz9311,GitHub GitHub GraphQL API Documentation (2024); https://docs.github.com/en/graphql.,data/metadata/incremental/2025-12-19_to_2026-03-19/crossref_science.jsonl
Science,More than mitigation: The role of forests in climate adaptation,10.1126/science.ads4361,https://doi.org/10.1126/science.ads4361,R. Hijmans terra: Spatial Data Analysis (R package version 1.7-81 2024); https://github.com/rspatial/terra.,data/metadata/incremental/2025-12-19_to_2026-03-19/crossref_science.jsonl
Science,Task learning increases information redundancy of neural responses in macaque visual cortex,10.1126/science.adw7707,https://doi.org/10.1126/science.adw7707,Smith Laboratory Spikesort (A MATLAB-based spike sorter for NEV files) Github (2024); https://github.com/SmithLabNeuro/spikesort.,data/metadata/incremental/2025-12-19_to_2026-03-19/crossref_science.jsonl
Science,The oncogenome of the domestic cat,10.1126/science.ady6651,https://doi.org/10.1126/science.ady6651,Alexandrov Lab TMB_plotter GitHub (2020); https://github.com/SigProfilerSuite/TMB_plotter.,data/metadata/incremental/2025-12-19_to_2026-03-19/crossref_science.jsonl
Science,The oncogenome of the domestic cat,10.1126/science.ady6651,https://doi.org/10.1126/science.ady6651,Broad Institute Picard Toolkit GitHub (2019); https://github.com/broadinstitute/picard.,data/metadata/incremental/2025-12-19_to_2026-03-19/crossref_science.jsonl
Science,The oncogenome of the domestic cat,10.1126/science.ady6651,https://doi.org/10.1126/science.ady6651,C. Kandoth mskcc/vcf2maf: vcf2maf v1.6 GitHub (2020); https://github.com/mskcc/vcf2maf.,data/metadata/incremental/2025-12-19_to_2026-03-19/crossref_science.jsonl
Science,The oncogenome of the domestic cat,10.1126/science.ady6651,https://doi.org/10.1126/science.ady6651,CASM-Smart-Phase GitHub (2021); https://github.com/cancerit/CASM-Smart-Phase.,data/metadata/incremental/2025-12-19_to_2026-03-19/crossref_science.jsonl
Science,The oncogenome of the domestic cat,10.1126/science.ady6651,https://doi.org/10.1126/science.ady6651,I. Martincorena Using dNdScv in a different species or assembly (2017); https://htmlpreview.github.io/?http://github.com/im3sanger/dndscv/blob/master/vignettes/buildref.html.,data/metadata/incremental/2025-12-19_to_2026-03-19/crossref_science.jsonl
Science,The oncogenome of the domestic cat,10.1126/science.ady6651,https://doi.org/10.1126/science.ady6651,J. A. Billington The-pan-cancer-oncogenomic-landscape-of-domestic-cats-reveals-shared-alterations-with-human-cancer GitHub (2025); https://github.com/team113sanger/The-pan-cancer-oncogenomic-landscape-of-domestic-cats-reveals-shared-alterations-with-human-cancer.,data/metadata/incremental/2025-12-19_to_2026-03-19/crossref_science.jsonl
Science,Evolution of error correction through a need for speed,10.1126/science.adt1275,https://doi.org/10.1126/science.adt1275,C. G. Evans rgrow v0.13.0 (2024); http://github.com/cgevans/rgrow.,data/metadata/incremental/2025-12-19_to_2026-03-19/crossref_science.jsonl
Science,The fiscal impact of biodiversity loss and a pathway for conservation finance,10.1126/science.ady0066,https://doi.org/10.1126/science.ady0066,A. Nakhmurina D. T. Manning E. P. Fenichel Data and code for “The fiscal impact of biodiversity loss and a pathway for conservation finance.” GitHub (2026); https://github.com/AnnaNakhmurina/wns_and_conservation_finance.,data/metadata/incremental/2025-12-19_to_2026-03-19/crossref_science.jsonl
Science,A precessing jet from an active galactic nucleus drives gas outflow from a disk galaxy,10.1126/science.adp8989,https://doi.org/10.1126/science.adp8989,D. Neill et al. Keck Cosmic Wave Imager Data Reduction Pipeline version 1.1 Astrophysics Source Code Library ascl:2301.019 (2023); https://github.com/Keck-DataReductionPipelines/KCWI_DRP/releases.,data/metadata/incremental/2025-12-19_to_2026-03-19/crossref_science.jsonl
Science,A precessing jet from an active galactic nucleus drives gas outflow from a disk galaxy,10.1126/science.adp8989,https://doi.org/10.1126/science.adp8989,J. Bovy GalPy: A Python Library for Galactic Dynamics version 1.9 Astrophysics Source Code Library ascl:1411.008 (2025); https://github.com/jobovy/galpy/releases.,data/metadata/incremental/2025-12-19_to_2026-03-19/crossref_science.jsonl
Science,Polymerase trapping as the mechanism of H5 highly pathogenic avian influenza virus genesis,10.1126/science.adr6632,https://doi.org/10.1126/science.adr6632,A. Acevedo CirSeq version v2.1 GitHub (2018); https://github.com/ashleyacevedo/CirSeq.,data/metadata/incremental/2025-12-19_to_2026-03-19/crossref_science.jsonl
Science,Polymerase trapping as the mechanism of H5 highly pathogenic avian influenza virus genesis,10.1126/science.adr6632,https://doi.org/10.1126/science.adr6632,M. Funk M. Richard epiv-lab/trapped-RdRp GitHub (2025); https://github.com/epiv-lab/trapped-RdRp.,data/metadata/incremental/2025-12-19_to_2026-03-19/crossref_science.jsonl
Data Science in Science,The Sensitivity of Variational Bayesian Neural Network Performance to Hyperparameters,10.1080/26941899.2026.2637296,https://doi.org/10.1080/26941899.2026.2637296,Klein N Migliorini G Winckelman T Koermer S. September 2023. Multiverse: bayesian neural networks. https://github.com/lanl/multiverse,data/metadata/incremental/2025-12-19_to_2026-03-19/crossref_science.jsonl
Data Science in Science,Explainable Machine Learning for U.S. Recessions Nowcasting: the Shapley Approach,10.1080/26941899.2025.2604336,https://doi.org/10.1080/26941899.2025.2604336,Gómez RA. 2021. sklearn-genetic-opt. https://github.com/rodrigo-arenas/Sklearn-genetic-opt. Revision f9a643a3,data/metadata/incremental/2025-12-19_to_2026-03-19/crossref_science.jsonl
Ocean Science,Characterising marine heatwaves in the Svalbard Archipelago  and surrounding seas,10.5194/os-22-587-2026,https://doi.org/10.5194/os-22-587-2026,"Vihtakari, M., Sundfjord, A., and de Steur, L.: Barents Sea ocean-current arrows modified from Eriksen et al. (2018), GitHub repository, Norwegian Polar Institute &amp;amp; Institute of Marine Research, https://github.com/MikkoVihtakari/Barents-Sea-currents (last access: 9 February 2026), 2019.  a",data/metadata/incremental/2025-12-19_to_2026-03-19/crossref_science.jsonl
Science Advances,Atmospheric stability sets maximum moist heat and convection in the midlatitudes,10.1126/sciadv.aea8453,https://doi.org/10.1126/sciadv.aea8453,R. May S. Arms J. Leeman J. Chastang Siphon: A collection of Python utilities for accessing remote atmospheric and oceanic datasets (2017) https://github.com/Unidata/siphon.,data/metadata/incremental/2025-12-19_to_2026-03-19/crossref_science.jsonl
Science Advances,Bacterial metabolic remodeling by convergent evolution unlocks nutrient availability after a host switch,10.1126/sciadv.adw9419,https://doi.org/10.1126/sciadv.adw9419,D. J AGAT: Another Gff Analysis Toolkit to handle annotations in any GTF/GFF format (2024); https://github.com/NBISweden/AGAT.,data/metadata/incremental/2025-12-19_to_2026-03-19/crossref_science.jsonl
Developmental Science,Infants’ Daily Routines Shape Opportunities for Perceptual‐Motor Exploration,10.1111/desc.70119,https://doi.org/10.1111/desc.70119,Bates D. M.Maechler B.Bolker andS.Walker.2024. “lme4: Linear Mixed‐Effects Models Using Eigen and S4.”GitHub Inc..https://github.com/lme4/lme4/.,data/metadata/incremental/2025-12-19_to_2026-03-19/crossref_science.jsonl
Plant Science,Knockout of a pectate lyase in tomato increases fruit firmness and reduces foliar susceptibility to pathogens,10.1016/j.plantsci.2025.112868,https://doi.org/10.1016/j.plantsci.2025.112868,"Signorell, A., 2024. DescTools: Tools for Descriptive Statistics. R package version 0.99.57, 〈https://github.com/AndriSignorell/DescTools/〉, 〈https://andrisignorell.github.io/DescTools/〉.",data/metadata/incremental/2025-12-19_to_2026-03-19/crossref_science.jsonl
Advanced Science,Rapid Proteome‐Wide Discovery of Protein–Protein Interactions With ppIRIS,10.1002/advs.202521310,https://doi.org/10.1002/advs.202521310,"<jats:title>ABSTRACT</jats:title>
                  <jats:p>
                    Protein–protein interactions (PPIs) are central to cellular processes and host‐pathogen dynamics across all domains of life, yet comprehensive interactome mapping remains challenging at the proteome scale. Experimental approaches provide only partial coverage, while existing computational methods often lack generalizability across species or are too resource‐intensive for large‐scale screening. Here, we introduce ppIRIS (protein–protein Interaction Regression via Iterative Siamese networks), a lightweight deep learning framework that integrates evolutionary and structural embeddings to predict PPIs directly from sequence. Evaluated on multi‐species benchmarks, ppIRIS achieves state‐of‐the‐art accuracy while enabling proteome‐wide screening in minutes. Trained on curated bacterial datasets and applied to the Group A Streptococcus (GAS) proteome, ppIRIS identified functional clusters associated with virulence pathways, such as nutrient transport, stress response, and metal scavenging. Extending to cross‐species prediction, ppIRIS recovered 56.2% of known GAS‐human plasma interactions with enrichment in complement, coagulation, and protease inhibition pathways. Experimental validation confirmed novel predictions, demonstrating the applicability of ppIRIS for systematic discovery of bacterial and cross‐species PPIs. The model together with a Google Colaboratory is freely available at
                    <jats:ext-link xmlns:xlink=""http://www.w3.org/1999/xlink"" xlink:href=""https://github.com/lupiochi/ppIRIS"">github.com/lupiochi/ppIRIS</jats:ext-link>
                    .
                  </jats:p>",data/metadata/incremental/2025-12-19_to_2026-03-19/crossref_science.jsonl
Science Advances,"Single-cell protein activity analysis reveals aberrant myogenesis and IGF2-PI3K pathway dependencies in
                    <i>MYOD1</i>
                    -mutant rhabdomyosarcoma",10.1126/sciadv.aea6453,https://doi.org/10.1126/sciadv.aea6453,T. Tickle I. Tirosh C. Georgescu M. Brown B. Haas “inferCNV of the Trinity CTAT Project” (Klarman Cell Observatory Broad Institute of MIT and Harvard Cambridge MA USA 2019); https://github.com/broadinstitute/inferCNV.,data/metadata/incremental/2025-12-19_to_2026-03-19/crossref_science.jsonl
Freshwater Science,Flow intermittence shapes fish metacommunity variability in a Neotropical ecoregion,10.1086/739934,https://doi.org/10.1086/739934,"Wei, T., and V. Simko. 2024. R package
                      corrplot:
                      Visualization of a correlation matrix. (Available fromhttps://github.com/taiyun/corrplot)",data/metadata/incremental/2025-12-19_to_2026-03-19/crossref_science.jsonl
Science Immunology,Single-cell profiling reveals diverse γδ T cell subsets in ulcerative colitis,10.1126/sciimmunol.adx8474,https://doi.org/10.1126/sciimmunol.adx8474,J. Arnold Analysis code for “Single-cell profiling reveals diverse γδ T cell subsets in ulcerative colitis” (2026); https://github.com/jakob-arnold/UCgdTcells.,data/metadata/incremental/2025-12-19_to_2026-03-19/crossref_science.jsonl
Protein Science,"<scp>ProteinDJ</scp>
                    : A high‐performance and modular protein design pipeline",10.1002/pro.70464,https://doi.org/10.1002/pro.70464,"<jats:title>Abstract</jats:title>
                  <jats:p>
                    Leveraging artificial intelligence and deep learning to generate proteins de novo (a.k.a. ‘synthetic proteins’) has unlocked new frontiers of protein design. Deep learning models trained on protein structures can generate novel protein designs that explore structural landscapes unseen by evolution. This approach enables the development of bespoke binders that target specific proteins and domains through new protein–protein interactions. However, successful binder generation can suffer from low in silico success rates, often requiring thousands of designs and hundreds of GPU hours to obtain enough hits for experimental testing. While workstation implementations are available for binder design, these are limited in both scalability and throughput. There is a lack of efficient open‐source protein design pipelines for high‐performance computing (HPC) systems that can maximize hardware resources and parallelize the workflow efficiently. Here, we present ‘ProteinDJ’—an implementation of a synthetic protein design workflow that is deployable on HPC systems using the Nextflow portable workflow management system and Apptainer containerisation. It parallelizes the workload across both GPUs and CPUs, facilitating generation and testing of hundreds of designs per hour, accelerating the discovery process. ProteinDJ is designed to be modular and includes RoseTTAFold Diffusion (RFdiffusion) or BindCraft for fold generation, ProteinMPNN or Full‐Atom MPNN (FAMPNN) for sequence design, and AlphaFold2 or Boltz‐2 for prediction and validation of designs and binder‐target interfaces, with supporting packages for structural evaluation of designs. ProteinDJ democratizes protein binder design through its robust and user‐friendly implementation and provides a framework for future protein design pipelines. ProteinDJ is freely available at
                    <jats:ext-link xmlns:xlink=""http://www.w3.org/1999/xlink"" xlink:href=""https://github.com/PapenfussLab/proteindj"">https://github.com/PapenfussLab/proteindj</jats:ext-link>
                    .
                  </jats:p>",data/metadata/incremental/2025-12-19_to_2026-03-19/crossref_science.jsonl
Science Advances,Neural general circulation models for modeling precipitation,10.1126/sciadv.adv6891,https://doi.org/10.1126/sciadv.adv6891,B. Madieros Wavenumber-frequency (2023); https://github.com/brianpm/wavenumber_frequency.,data/metadata/incremental/2025-12-19_to_2026-03-19/crossref_science.jsonl
Advanced Science,"A
                    <i>Tac1</i>
                    ‐Expressing Brainstem Pathway Underlies the Pathogenesis of Trigeminal Neuralgia",10.1002/advs.202516310,https://doi.org/10.1002/advs.202516310,S.Andrews A Quality Control Tool for High Throughput Sequence Data https://github.com/s-andrews/FastQC.git.,data/metadata/incremental/2025-12-19_to_2026-03-19/crossref_science.jsonl
Chemical Science,Explainable random forest predictions of polyester biodegradability using high-throughput biodegradation data,10.1039/d5sc05380c,https://doi.org/10.1039/d5sc05380c,"M. I.Parker ,  MLPolyesterBiodegradability ,  https://github.com/maddyparker01/MLPolyesterBiodegradability , (accessed 6th November,  2025 )",data/metadata/incremental/2025-12-19_to_2026-03-19/crossref_science.jsonl
Science Advances,GPNMB is a biomarker for lysosomal dysfunction and is secreted via LRRK2-modulated lysosomal exocytosis,10.1126/sciadv.adv1434,https://doi.org/10.1126/sciadv.adv1434,D. Hammill CytoExploreR: Interactive Analysis of Cytometry Data. [Preprint] (2021). https://github.com/DillonHammill/CytoExploreR.,data/metadata/incremental/2025-12-19_to_2026-03-19/crossref_science.jsonl
Science Advances,Tracing 2500 years of human betaherpesvirus 6A and 6B diversity through ancient DNA,10.1126/sciadv.adx5460,https://doi.org/10.1126/sciadv.adx5460,M. Guellil FASTA-FRAG: Script to Fragment FASTA Files into Smaller Sequence Chunks (Github). https://github.com/MeriamGuellil/FASTA-FRAG.,data/metadata/incremental/2025-12-19_to_2026-03-19/crossref_science.jsonl
Science Advances,Tracing 2500 years of human betaherpesvirus 6A and 6B diversity through ancient DNA,10.1126/sciadv.adx5460,https://doi.org/10.1126/sciadv.adx5460,P. Ewels MultiQC (Github). https://github.com/ewels/MultiQC.,data/metadata/incremental/2025-12-19_to_2026-03-19/crossref_science.jsonl
Science Advances,Tracing 2500 years of human betaherpesvirus 6A and 6B diversity through ancient DNA,10.1126/sciadv.adx5460,https://doi.org/10.1126/sciadv.adx5460,Pysam (Github). https://github.com/pysam-developers/pysam.,data/metadata/incremental/2025-12-19_to_2026-03-19/crossref_science.jsonl
Science Advances,Tracing 2500 years of human betaherpesvirus 6A and 6B diversity through ancient DNA,10.1126/sciadv.adx5460,https://doi.org/10.1126/sciadv.adx5460,samtools Bcftools (Github). https://github.com/samtools/bcftools.,data/metadata/incremental/2025-12-19_to_2026-03-19/crossref_science.jsonl
Science,Climate change will increase forest disturbances in Europe throughout the 21st century,10.1126/science.adx6329,https://doi.org/10.1126/science.adx6329,F. Chollet “keras” (GitHub 2015); https://github.com/fchollet/keras.,data/metadata/incremental/2025-12-19_to_2026-03-19/crossref_science.jsonl
Science,Characterizing transport in a quantum gas by measuring Drude weights,10.1126/science.ads8327,https://doi.org/10.1126/science.ads8327,F. Møller iFluid: A MATLAB library for Thermodynamic Bethe Ansatz and Generalized Hydrodynamics Github (2024); https://github.com/integrableFluid/iFluidMatlab.,data/metadata/incremental/2025-12-19_to_2026-03-19/crossref_science.jsonl
Science,Characterizing transport in a quantum gas by measuring Drude weights,10.1126/science.ads8327,https://doi.org/10.1126/science.ads8327,M. Raissi Physics Informed Neural Networks Github (2018); https://github.com/maziarraissi/PINNs.,data/metadata/incremental/2025-12-19_to_2026-03-19/crossref_science.jsonl
Science,A deep-time landscape of plant cis-regulatory sequence evolution,10.1126/science.adt8983,https://doi.org/10.1126/science.adt8983,Picard: A set of command line tools (in Java) for manipulating high-throughput sequencing (HTS) data and formats such as SAM/BAM/CRAM and VCF (Broad Institute 2025); https://github.com/broadinstitute/picard.,data/metadata/incremental/2025-12-19_to_2026-03-19/crossref_science.jsonl
Science,More than mitigation: The role of forests in climate adaptation,10.1126/science.ads4361,https://doi.org/10.1126/science.ads4361,R. Hijmans terra: Spatial Data Analysis (R package version 1.7-81 2024); https://github.com/rspatial/terra.,data/metadata/incremental/2025-12-19_to_2026-03-19/crossref_science.jsonl
Science,Polymerase trapping as the mechanism of H5 highly pathogenic avian influenza virus genesis,10.1126/science.adr6632,https://doi.org/10.1126/science.adr6632,A. Acevedo CirSeq version v2.1 GitHub (2018); https://github.com/ashleyacevedo/CirSeq.,data/metadata/incremental/2025-12-19_to_2026-03-19/crossref_science.jsonl
Science,Polymerase trapping as the mechanism of H5 highly pathogenic avian influenza virus genesis,10.1126/science.adr6632,https://doi.org/10.1126/science.adr6632,M. Funk M. Richard epiv-lab/trapped-RdRp GitHub (2025); https://github.com/epiv-lab/trapped-RdRp.,data/metadata/incremental/2025-12-19_to_2026-03-19/crossref_science.jsonl
Science,Task learning increases information redundancy of neural responses in macaque visual cortex,10.1126/science.adw7707,https://doi.org/10.1126/science.adw7707,Smith Laboratory Spikesort (A MATLAB-based spike sorter for NEV files) Github (2024); https://github.com/SmithLabNeuro/spikesort.,data/metadata/incremental/2025-12-19_to_2026-03-19/crossref_science.jsonl
Science,A precessing jet from an active galactic nucleus drives gas outflow from a disk galaxy,10.1126/science.adp8989,https://doi.org/10.1126/science.adp8989,D. Neill et al. Keck Cosmic Wave Imager Data Reduction Pipeline version 1.1 Astrophysics Source Code Library ascl:2301.019 (2023); https://github.com/Keck-DataReductionPipelines/KCWI_DRP/releases.,data/metadata/incremental/2025-12-19_to_2026-03-19/crossref_science.jsonl
Science,A precessing jet from an active galactic nucleus drives gas outflow from a disk galaxy,10.1126/science.adp8989,https://doi.org/10.1126/science.adp8989,J. Bovy GalPy: A Python Library for Galactic Dynamics version 1.9 Astrophysics Source Code Library ascl:1411.008 (2025); https://github.com/jobovy/galpy/releases.,data/metadata/incremental/2025-12-19_to_2026-03-19/crossref_science.jsonl
Science,Synergy between regulatory elements can render cohesin dispensable for distal enhancer function,10.1126/science.adt4221,https://doi.org/10.1126/science.adt4221,R. Kolde raivokolde/pheatmap (2025); https://github.com/raivokolde/pheatmap.,data/metadata/incremental/2025-12-19_to_2026-03-19/crossref_science.jsonl
Science,Evolutionary adaptation to global change reduces sustainable fisheries yields,10.1126/science.aea1341,https://doi.org/10.1126/science.aea1341,accessed from R via rgbif (https://github.com/ropensci/rgbif) on 7 September 2024.10.15468/dl.swnrpt,data/metadata/incremental/2025-12-19_to_2026-03-19/crossref_science.jsonl
Science,Genomic approaches to accelerate American chestnut restoration,10.1126/science.adw3225,https://doi.org/10.1126/science.adw3225,J. T. Lovell qtlTools: Data processing and plotting in association with R/qtl GitHub (2020); https://github.com/jtlovell/qtlTools.,data/metadata/incremental/2025-12-19_to_2026-03-19/crossref_science.jsonl
Science,Who is using AI to code? Global diffusion and impact of generative AI,10.1126/science.adz9311,https://doi.org/10.1126/science.adz9311,GitHub GitHub GraphQL API Documentation (2024); https://docs.github.com/en/graphql.,data/metadata/incremental/2025-12-19_to_2026-03-19/crossref_science.jsonl
Science,The oncogenome of the domestic cat,10.1126/science.ady6651,https://doi.org/10.1126/science.ady6651,Alexandrov Lab TMB_plotter GitHub (2020); https://github.com/SigProfilerSuite/TMB_plotter.,data/metadata/incremental/2025-12-19_to_2026-03-19/crossref_science.jsonl
Science,The oncogenome of the domestic cat,10.1126/science.ady6651,https://doi.org/10.1126/science.ady6651,Broad Institute Picard Toolkit GitHub (2019); https://github.com/broadinstitute/picard.,data/metadata/incremental/2025-12-19_to_2026-03-19/crossref_science.jsonl
Science,The oncogenome of the domestic cat,10.1126/science.ady6651,https://doi.org/10.1126/science.ady6651,C. Kandoth mskcc/vcf2maf: vcf2maf v1.6 GitHub (2020); https://github.com/mskcc/vcf2maf.,data/metadata/incremental/2025-12-19_to_2026-03-19/crossref_science.jsonl
Science,The oncogenome of the domestic cat,10.1126/science.ady6651,https://doi.org/10.1126/science.ady6651,CASM-Smart-Phase GitHub (2021); https://github.com/cancerit/CASM-Smart-Phase.,data/metadata/incremental/2025-12-19_to_2026-03-19/crossref_science.jsonl
Science,The oncogenome of the domestic cat,10.1126/science.ady6651,https://doi.org/10.1126/science.ady6651,I. Martincorena Using dNdScv in a different species or assembly (2017); https://htmlpreview.github.io/?http://github.com/im3sanger/dndscv/blob/master/vignettes/buildref.html.,data/metadata/incremental/2025-12-19_to_2026-03-19/crossref_science.jsonl
Science,The oncogenome of the domestic cat,10.1126/science.ady6651,https://doi.org/10.1126/science.ady6651,J. A. Billington The-pan-cancer-oncogenomic-landscape-of-domestic-cats-reveals-shared-alterations-with-human-cancer GitHub (2025); https://github.com/team113sanger/The-pan-cancer-oncogenomic-landscape-of-domestic-cats-reveals-shared-alterations-with-human-cancer.,data/metadata/incremental/2025-12-19_to_2026-03-19/crossref_science.jsonl
Science,Evolution of error correction through a need for speed,10.1126/science.adt1275,https://doi.org/10.1126/science.adt1275,C. G. Evans rgrow v0.13.0 (2024); http://github.com/cgevans/rgrow.,data/metadata/incremental/2025-12-19_to_2026-03-19/crossref_science.jsonl
Science,The fiscal impact of biodiversity loss and a pathway for conservation finance,10.1126/science.ady0066,https://doi.org/10.1126/science.ady0066,A. Nakhmurina D. T. Manning E. P. Fenichel Data and code for “The fiscal impact of biodiversity loss and a pathway for conservation finance.” GitHub (2026); https://github.com/AnnaNakhmurina/wns_and_conservation_finance.,data/metadata/incremental/2025-12-19_to_2026-03-19/crossref_science.jsonl
Science,A small polymerase ribozyme that can synthesize itself and its complementary strand,10.1126/science.adt2760,https://doi.org/10.1126/science.adt2760,B. Bushnell BBtools; https://github.com/bbushnell/BBTools.,data/metadata/incremental/2025-12-19_to_2026-03-19/crossref_science.jsonl
Science,Did the illicit fentanyl trade experience a supply shock?,10.1126/science.aea6130,https://doi.org/10.1126/science.aea6130,K. Vangelov Data and code for “Did the illicit fentanyl trade experience a supply shock?” (2025); https://github.com/brycepardo/Fentanyl.,data/metadata/incremental/2025-12-19_to_2026-03-19/crossref_science.jsonl
Science,Asynchronous subunit transitions prime acetylcholine receptor activation,10.1126/science.adw1264,https://doi.org/10.1126/science.adw1264,M. van der Loo extremevalues GitHub (2025); https://github.com/markvanderloo/extremevalues.,data/metadata/incremental/2025-12-19_to_2026-03-19/crossref_science.jsonl
Data Science in Science,Explainable Machine Learning for U.S. Recessions Nowcasting: the Shapley Approach,10.1080/26941899.2025.2604336,https://doi.org/10.1080/26941899.2025.2604336,Gómez RA. 2021. sklearn-genetic-opt. https://github.com/rodrigo-arenas/Sklearn-genetic-opt. Revision f9a643a3,data/metadata/incremental/2025-12-19_to_2026-03-19/crossref_science.jsonl
Data Science in Science,The Sensitivity of Variational Bayesian Neural Network Performance to Hyperparameters,10.1080/26941899.2026.2637296,https://doi.org/10.1080/26941899.2026.2637296,Klein N Migliorini G Winckelman T Koermer S. September 2023. Multiverse: bayesian neural networks. https://github.com/lanl/multiverse,data/metadata/incremental/2025-12-19_to_2026-03-19/crossref_science.jsonl
Science Advances,Atmospheric stability sets maximum moist heat and convection in the midlatitudes,10.1126/sciadv.aea8453,https://doi.org/10.1126/sciadv.aea8453,R. May S. Arms J. Leeman J. Chastang Siphon: A collection of Python utilities for accessing remote atmospheric and oceanic datasets (2017) https://github.com/Unidata/siphon.,data/metadata/incremental/2025-12-19_to_2026-03-19/crossref_science.jsonl
Science Advances,GPNMB is a biomarker for lysosomal dysfunction and is secreted via LRRK2-modulated lysosomal exocytosis,10.1126/sciadv.adv1434,https://doi.org/10.1126/sciadv.adv1434,D. Hammill CytoExploreR: Interactive Analysis of Cytometry Data. [Preprint] (2021). https://github.com/DillonHammill/CytoExploreR.,data/metadata/incremental/2025-12-19_to_2026-03-19/crossref_science.jsonl
Science Advances,Tracing 2500 years of human betaherpesvirus 6A and 6B diversity through ancient DNA,10.1126/sciadv.adx5460,https://doi.org/10.1126/sciadv.adx5460,M. Guellil FASTA-FRAG: Script to Fragment FASTA Files into Smaller Sequence Chunks (Github). https://github.com/MeriamGuellil/FASTA-FRAG.,data/metadata/incremental/2025-12-19_to_2026-03-19/crossref_science.jsonl
Science Advances,Tracing 2500 years of human betaherpesvirus 6A and 6B diversity through ancient DNA,10.1126/sciadv.adx5460,https://doi.org/10.1126/sciadv.adx5460,P. Ewels MultiQC (Github). https://github.com/ewels/MultiQC.,data/metadata/incremental/2025-12-19_to_2026-03-19/crossref_science.jsonl
Science Advances,Tracing 2500 years of human betaherpesvirus 6A and 6B diversity through ancient DNA,10.1126/sciadv.adx5460,https://doi.org/10.1126/sciadv.adx5460,Pysam (Github). https://github.com/pysam-developers/pysam.,data/metadata/incremental/2025-12-19_to_2026-03-19/crossref_science.jsonl
Science Advances,Tracing 2500 years of human betaherpesvirus 6A and 6B diversity through ancient DNA,10.1126/sciadv.adx5460,https://doi.org/10.1126/sciadv.adx5460,samtools Bcftools (Github). https://github.com/samtools/bcftools.,data/metadata/incremental/2025-12-19_to_2026-03-19/crossref_science.jsonl
Protein Science,"<scp>StabLyzeGraph</scp>
                    : High‐throughput screening of combinatorial mutations using graph neural networks",10.1002/pro.70534,https://doi.org/10.1002/pro.70534,"<jats:title>Abstract</jats:title>
                  <jats:p>
                    Engineering protein stability is a powerful strategy across biotechnology and medicine, supporting a broad range of applications such as atomic structure determination, discovery of therapeutic molecules, biomanufacturing, diagnostic reagents, industrial biocatalysis, etc. However, achieving rapid and significant improvements has been historically challenging due to the vast mutational space and the complex interplay of sequence, structure, and function. Indeed, traditional experimental and computational methods often struggle to predict the impact of multiple mutations and effectively integrate diverse data types. To address these limitations, we developed StabLyzeGraph, a novel computational framework powered by Graph Neural Networks (GNNs) for protein mutational analysis and classification of stabilizing mutations. StabLyzeGraph represents proteins as graphs, integrating amino acid physicochemical properties, evolutionary conservation scores, and mapped three‐dimensional structural information. The framework consists of a Benchmarking module to evaluate performance, and a Screening module to identify and rank impactful mutations. Benchmarking across 23 diverse datasets demonstrated strong predictive performance, highlighting the GNN's ability to leverage integrated features. Mutational analysis enables the generation and probability scoring of single‐ and multi‐site mutants, demonstrating the model's capacity to classify beneficial combinations of mutants based on learned structural impact rather than mere mutation frequency. StabLyzeGraph also features a user‐friendly Graphical User Interface and demonstrates reasonable computational efficiency and scalability for exploring mutational landscapes. This tool provides a robust and versatile approach to accelerate the efficient discovery of stabilizing mutations with tailored properties and represents a step forward in rational protein design, poised to accelerate the creation of novel biologics with enhanced performance. StabLyzeGraph is freely available on GitHub (
                    <jats:ext-link xmlns:xlink=""http://www.w3.org/1999/xlink"" xlink:href=""https://github.com/cosconatilab/StabLyzeGraph"">https://github.com/cosconatilab/StabLyzeGraph</jats:ext-link>
                    ) as an open‐source tool.
                  </jats:p>",data/metadata/incremental/2025-12-19_to_2026-03-19/crossref_science.jsonl
Advanced Science,Salt Water Drops Slide Faster: Ionic Modulation of Drop Friction,10.1002/advs.202521659,https://doi.org/10.1002/advs.202521659,S.Shumaly “Drop‐Surface Temporal Profiling ” GitHub repository https://github.com/AK‐Berger/Drop‐Surface‐Temporal‐Profiling 2024.,data/metadata/incremental/2025-12-19_to_2026-03-19/crossref_science.jsonl
Transportation Science,Service Level Requirements for Real Life–Sized Bicycle Sharing Systems,10.1287/trsc.2024.1010,https://doi.org/10.1287/trsc.2024.1010,"MobilityData (2024) General bikeshare feed specification (GBFS). Accessed June 8, 2024, https://github.com/MobilityData/gbfs.",data/metadata/incremental/2025-12-19_to_2026-03-19/crossref_science.jsonl
Management Science,"Market Design Choices, Racial Discrimination, and Equitable Microentrepreneurship in Digital Marketplaces",10.1287/mnsc.2023.01717,https://doi.org/10.1287/mnsc.2023.01717,"Lennan C, Nguyen H, Tran D (2018) Image quality assessment. https://github.com/idealo/image-quality-assessment.",data/metadata/incremental/2025-12-19_to_2026-03-19/crossref_science.jsonl
Cognitive Science,Thickness Is More Than Affective Valence: Evaluative Language Through the Lenses of Psycholinguistics,10.1111/cogs.70180,https://doi.org/10.1111/cogs.70180,Wickham H. Vaughan D. &Girlich M.(2024).tidyr: Tidy Messy Data. R package version 1.3.1 https://github.com/tidyverse/tidyr.,data/metadata/incremental/2025-12-19_to_2026-03-19/crossref_science.jsonl
Footwear Science,The effect of carbon fiber insoles on knee joint loading profiles during walking in older adults: a preliminary analysis,10.1080/19424280.2026.2638459,https://doi.org/10.1080/19424280.2026.2638459,"Horton, W. Z. (2022). Functional Mixed Effects.Rpkg (Version v1.2.0) [Computer software]. GitHub. https://github.com/wzhorton/FunctionalMixedEffects.Rpkg",data/metadata/incremental/2025-12-19_to_2026-03-19/crossref_science.jsonl
Advanced Science,Multi‐View Biomedical Foundation Models for Molecule‐Target and Property Prediction,10.1002/advs.202517840,https://doi.org/10.1002/advs.202517840,“BERT Loves Chemistry ”https://github.com/seyonechithrananda/bert‐loves‐chemistry(2022).,data/metadata/incremental/2025-12-19_to_2026-03-19/crossref_science.jsonl
Science Robotics,Cross-robot behavior adaptation through intention alignment,10.1126/scirobotics.adv2250,https://doi.org/10.1126/scirobotics.adv2250,NXROBO spark noetic: ROS wrapper and applications for the Spark robot (GitHub repository); https://github.com/NXROBO/spark_noetic.,data/metadata/incremental/2025-12-19_to_2026-03-19/crossref_science.jsonl
Science Advances,Neural general circulation models for modeling precipitation,10.1126/sciadv.adv6891,https://doi.org/10.1126/sciadv.adv6891,B. Madieros Wavenumber-frequency (2023); https://github.com/brianpm/wavenumber_frequency.,data/metadata/incremental/2025-12-19_to_2026-03-19/crossref_science.jsonl
Advanced Science,"A
                    <i>Tac1</i>
                    ‐Expressing Brainstem Pathway Underlies the Pathogenesis of Trigeminal Neuralgia",10.1002/advs.202516310,https://doi.org/10.1002/advs.202516310,S.Andrews A Quality Control Tool for High Throughput Sequence Data https://github.com/s-andrews/FastQC.git.,data/metadata/incremental/2025-12-19_to_2026-03-19/crossref_science.jsonl
Chemical Science,Explainable random forest predictions of polyester biodegradability using high-throughput biodegradation data,10.1039/d5sc05380c,https://doi.org/10.1039/d5sc05380c,"M. I.Parker ,  MLPolyesterBiodegradability ,  https://github.com/maddyparker01/MLPolyesterBiodegradability , (accessed 6th November,  2025 )",data/metadata/incremental/2025-12-19_to_2026-03-19/crossref_science.jsonl
Advanced Science,Ligand‐Induced Electronic Response Enables Predictive QM/MM Simulations,10.1002/advs.202519137,https://doi.org/10.1002/advs.202519137,J.Frenzel A. F.Oliveira N.Jardillier T.Heine andG.Seifert “Semi‐Relativistic Self‐Consistent Charge Slater–Koster Tables for Density‐Functional Based Tight‐Binding (DFTB) for Materials Science Simulations ”https://github.com/dftbparams/matsci/releases.,data/metadata/incremental/2025-12-19_to_2026-03-19/crossref_science.jsonl
Ocean Science,Observation-based quantification of physical  processes that impact sea level,10.5194/os-22-501-2026,https://doi.org/10.5194/os-22-501-2026,"Groeskamp, S.: VENM, GitHub [code], https://github.com/Sjoerdgr/VENM (last access: 4 February 2026), 2026. a",data/metadata/incremental/2025-12-19_to_2026-03-19/crossref_science.jsonl
